{
  "project_info": {
    "project_number": "424824951267",
    "firebase_url": "https://todolist-dev-3e715.firebaseio.com",
    "project_id": "todolist-dev-3e715",
    "storage_bucket": "todolist-dev-3e715.appspot.com"
  },
  "client": [
    {
      "client_info": {
        "mobilesdk_app_id": "1:424824951267:android:5c59f7254726281fb910d6",
        "android_client_info": {
          "package_name": "com.user.todolist"
        }
      },
      "oauth_client": [
        {
          "client_id": "424824951267-kevv9m9mp327lvk047obdmq41hcc2827.apps.googleusercontent.com",
          "client_type": 1,
          "android_info": {
            "package_name": "com.user.todolist",
            "certificate_hash": "c97eb8d3058a639aa20d7f5e3e26d6588047d289"
          }
        },
        {
          "client_id": "424824951267-7nela34ik378i4l2hg93k9kpnumuvrk3.apps.googleusercontent.com",
          "client_type": 1,
          "android_info": {
            "package_name": "com.user.todolist",
            "certificate_hash": "5da57b97bd851199a983298e92ca8afe65b97d78"
          }
        },
        {
          "client_id": "424824951267-uelaokdnlp9mep16nk4ud3nt8f3irm2d.apps.googleusercontent.com",
          "client_type": 3
        }
      ],
      "api_key": [
        {
          "current_key": "AIzaSyAMqjpOsC9Xvk3QaZ-qFqxXjou-Z7VZ_v8"
        }
      ],
      "services": {
        "appinvite_service": {
          "other_platform_oauth_client": [
            {
              "client_id": "424824951267-uelaokdnlp9mep16nk4ud3nt8f3irm2d.apps.googleusercontent.com",
              "client_type": 3
            },
            {
              "client_id": "424824951267-a92064ern9013hvciuu67odvmfrgs8ru.apps.googleusercontent.com",
              "client_type": 2,
              "ios_info": {
                "bundle_id": "com.huy.user.todoList"
              }
            }
          ]
        }
      }
    }
  ],
  "configuration_version": "1"
}